admin2_name,RP_2,RP_5,RP_10,RP_25,RP_50,RP_100,RP_250,RP_500,RP_1000,AED
Barguna,0.0,0.0,0.0,0.0,8.330751541811377,8.330751541811377,9.359913490623065,9.359913490623065,9.359913490623065,0.3154419406887028
Barisal,0.0,0.0,30670.639934624625,41745.50894125432,66991.40811415402,70957.24859690169,75980.3031074277,84298.2614490213,92193.38544880526,7350.996120141292
Bhola,0.0,0.0,17370.9624387886,22070.547783161946,45325.74340539482,49842.036874158046,53825.9177871543,53825.9177871543,54753.22945856274,4402.562128236303
Jhalokati,0.0,0.0,0.0,0.0,0.0,0.0,0.0,0.0,1060.8112466963157,1.0608112466963158
Patuakhali,0.0,0.0,1438.531452451365,1809.4243832579716,19673.84723738323,19673.84723738323,24117.34519634928,24117.34519634928,25584.18241689352,976.7337912919415
Pirojpur,0.0,0.0,0.0,0.0,0.0,0.0,0.0,0.0,0.0,0.0
Noakhali,0.0,0.0,0.0,3906.7315810938107,6004.616750504952,11987.46898197518,15864.748001996813,17684.10176477555,21046.842030688313,516.1103256418301
Rangamati,0.0,60799.23908068294,82317.94264429976,133038.65056449038,143068.31400356864,153235.5641886878,168261.73212049357,181234.18006759643,188149.543838739,31330.57485756034
Bandarban,0.0,0.0,0.0,3844.100875544062,4569.533609296568,5577.830647477108,5775.676150888156,7703.755304795149,26140.20716191643,365.58343605752424
Brahamanbaria,0.0,75186.32844622154,146341.34184284715,207352.00479807498,265666.25332119147,325563.38451003266,413567.700120604,480129.9843877553,544168.361780635,49693.13810801474
Chandpur,0.0,33947.03124411228,59334.61550557592,71386.9408156105,82537.52398088724,86000.23039076764,92265.53990354549,104628.76083176812,118057.44836382655,18785.47534517144
Chittagong,0.0,466802.2656461817,640095.6697429061,980489.9609276134,1091111.7861583137,1577807.6105200832,1828189.8056211593,1957665.781328999,2094932.7991560919,247512.95395329734
Comilla,0.0,22883.706852954692,34030.86021770936,99867.64163547252,107937.61344493614,157945.83229819045,200417.66645150477,234321.68151677007,249359.19299763552,17232.416871498597
Cox'S Bazar,0.0,0.0,0.0,983.3894764363783,983.3894764363783,1251.586894284162,1251.586894284162,11430.924437758167,202675.40512739503,302.06283910907234
Feni,0.0,0.0,0.0,0.0,0.0,176864.1686775471,234770.07165840984,245307.08039961397,257008.76234392895,3455.3448965522675
Khagrachhari,0.0,45155.24278823158,62677.361256048905,97728.77250964435,100018.29771548569,103442.70871047344,106557.9167943043,109167.43682312482,111093.41935730758,22998.388585232206
Lakshmipur,0.0,0.0,1855.3932138645541,2328.095819056986,3685.545218411869,3685.545218411869,3685.545218411869,3685.545218411869,3685.545218411869,415.028327229974
Narayanganj,0.0,3776.048188066947,10981.723491696073,296973.8914912074,348033.7708869303,496470.4382385136,539796.2822741858,585147.603762148,667954.8524176502,29655.152635593724
Narsingdi,0.0,35050.24080709515,57651.797291759685,139821.16012352385,164569.10904860962,220367.75503875042,278099.99247334193,306278.9240750047,358261.35611205874,25946.353201051086
Rajbari,0.0,1345.801135288846,3997.6866408233764,15615.48203338843,25849.631485902624,35501.14967021782,46781.255209774696,52551.06318179255,60783.873790545076,2518.5633198891037
Shariatpur,0.0,31754.300224293034,36025.75719286355,38471.808095544926,41793.13874584249,43135.06099080297,46637.173644476956,50333.83755620791,53296.87816889562,13100.03472065086
Tangail,0.0,8883.693804123806,16575.75001539955,27347.858234571268,32454.88939809546,116808.0783177746,143207.09123964142,176415.6242820648,197981.9009409953,7469.048177350914
Dhaka,0.0,2237.0750909157123,3956.9582610227135,257263.84444757598,306622.30487598083,657144.1430071878,690351.7499560982,824766.8257600159,940044.7435887269,29188.5375447131
Faridpur,0.0,33149.90650872566,45888.35183965745,49520.11011773912,57034.19828610297,65747.71628447877,85778.71160505709,106789.1153251921,131798.45629985863,15686.273552357761
Gazipur,0.0,0.0,0.0,60077.998757590096,68495.2436999253,172630.94264665272,183329.15865053787,217502.96327843977,236542.20246848415,6904.199014396152
Gopalganj,0.0,0.0,0.0,1346.2124043641834,3896.2751688555113,12060.888696907423,17532.557445725375,24260.220422849423,30853.022203206587,401.8865793525587
Kishoreganj,0.0,5512.230127595514,23475.523949633327,68013.20796604076,90891.27295277941,119718.67562643651,154909.5086946424,170250.0417685977,205393.9985256622,10351.071071285447
Madaripur,0.0,34993.36569817008,40784.667541192684,62292.05537620194,85932.09812174938,106113.34222094477,149473.36128568256,182621.19610128645,210968.64204634848,17522.701972837447
Manikganj,0.0,15290.63828712345,22839.006358472678,25418.52630497943,29354.01002082829,31277.847372934295,35586.965822132035,39279.60975402281,53922.74496278811,7533.457847376406
Munshiganj,0.0,25740.559470416214,61896.74077179261,71531.68016906778,90668.32350238359,93014.73430347194,98412.40427334394,105674.32972817463,134752.79659889804,17682.31806425623
Satkhira,0.0,0.0,0.0,0.0,0.0,0.0,0.0,0.0,0.0,0.0
Bagerhat,0.0,0.0,0.0,0.0,0.0,0.0,0.0,0.0,0.0,0.0
Chuadanga,0.0,0.0,0.0,0.0,0.0,0.0,0.0,0.0,0.0,0.0
Jessore,0.0,0.0,0.0,0.0,0.0,0.0,0.0,0.0,0.0,0.0
Jhenaidah,0.0,0.0,0.0,0.0,0.0,0.0,0.0,0.0,0.0,0.0
Khulna,0.0,0.0,0.0,0.0,0.0,0.0,0.0,0.0,0.0,0.0
Kushtia,0.0,26540.82102199151,48316.01660926495,74268.0260508793,99001.58324713387,116645.55858857493,135698.32872767717,149686.68999229828,159969.0264314115,17259.109879515116
Magura,0.0,0.0,0.0,0.0,0.0,0.0,0.0,0.0,0.0,0.0
Meherpur,0.0,0.0,0.0,0.0,0.0,0.0,0.0,666.9053835249547,1638.846192410532,2.9726569594604415
Narail,0.0,0.0,0.0,0.0,0.0,0.0,0.0,0.0,0.0,0.0
Bogra,0.0,70391.30415776264,104883.58535734247,166036.13436818626,211375.96903990148,235637.98133869722,278039.26786595443,300821.6320902508,320761.89549100574,39826.52616733455
Joypurhat,0.0,0.0,0.0,0.0,1165.4633896381913,1325.663054002156,1873.930655963347,2452.737493349125,3654.717633529973,52.621813576867
Naogaon,0.0,0.0,0.0,477.93384114435975,154445.85475508933,173892.2579156734,237119.93672581026,251317.71577115142,286142.50867064303,6584.214715020483
Natore,0.0,590.512942694327,2427.1567421146565,3304.662701459455,45133.95855476566,51129.9091722242,63698.650942241395,68870.48922723814,76172.23188955852,2375.690847739265
Nawabganj,0.0,3384.0155904599374,5605.937767274256,8635.761034133997,13290.64468413712,94341.44774134066,110312.34833531467,128405.74642030214,166362.71072516375,3656.478304187949
Pabna,0.0,30289.75686047275,56391.57006694373,96524.75326394042,121477.20076709226,141064.0766249222,164345.16745169263,180802.03433296166,198596.66745149775,20615.864696861798
Rajshahi,0.0,63165.2112311132,83410.04100439981,101577.97747447141,118840.35625263736,156867.23520604416,190043.97474965596,207100.71601327826,222842.91623431141,30379.86517001416
Sirajganj,0.0,39856.43129463983,59576.24699855485,87714.14333597742,118869.75744171535,153681.48571434672,190914.1266466584,221665.78464713116,248212.33801744974,22806.88711209867
Dinajpur,0.0,0.0,0.0,0.0,0.0,0.0,0.0,0.0,0.0,0.0
Gaibandha,0.0,51756.77407411926,77344.19883812268,123238.1481442769,150327.9788481243,184375.4272280109,233340.93375542373,291093.4944065296,351903.9325481363,29733.069130032683
Kurigram,0.0,75030.37505552128,125806.81163269118,207346.56873254094,281718.57807804836,368960.6304498182,495717.16810736194,576958.9447835728,662807.7669874156,49004.19111871817
Lalmonirhat,0.0,1612.3495767735621,2049.812893014235,5447.027242144674,6479.181244664417,10723.452767679617,13582.861581787218,16287.067960681998,18475.671820203614,1087.5317009807238
Nilphamari,0.0,0.0,0.0,0.0,0.0,0.0,0.0,0.0,0.0,0.0
Panchagarh,0.0,0.0,0.0,0.0,0.0,0.0,0.0,0.0,0.0,0.0
Rangpur,0.0,0.0,0.0,89.86470707287162,112.73751490758065,119.13908364284862,177.68720384310305,177.68720384310305,177.68720384310305,8.284539844396685
Thakurgaon,0.0,0.0,0.0,0.0,0.0,0.0,0.0,0.0,0.0,0.0
Habiganj,0.0,0.0,0.0,43270.865661908545,59176.79266187528,67137.33626934896,89769.19630676806,111199.4604155851,162502.7974371366,4329.722345902716
Maulvibazar,0.0,0.0,0.0,37562.66583257198,221304.75673826243,228541.74752431305,287682.18740656995,298624.3548532339,340992.9092691803,10302.989611913186
Sunamganj,0.0,3321.3310589861353,105491.43497108582,263518.73570623033,593468.9622795633,687491.2752060984,899282.3722756054,956283.3679588787,1085034.754048489,47093.18211387595
Sylhet,0.0,0.0,14753.417679036918,40354.28112370766,250566.41122804765,263285.4716439739,336329.74679686455,363420.5711545687,413006.6995656143,13218.8627829149
Mymensingh,0.0,0.0,0.0,23055.328545783737,54668.32236258361,72237.96852161984,89203.08005714226,102748.39210721063,115097.50409961493,3415.365882841826
Netrakona,0.0,0.0,32935.871986637445,44883.68026482121,82256.38598303996,305376.4484649215,361848.2477337373,442580.60703925876,461584.40294571687,12581.965221525792
Sherpur,0.0,0.0,0.0,0.0,0.0,0.0,0.0,0.0,0.0,0.0
Jamalpur,0.0,23123.66950306384,49376.96926298276,133413.4139171923,191690.22873201885,272950.34578568354,382679.0995525044,450660.9549866847,520000.6387588547,24414.314363038193
